"filename", "language", "PHP", "JSON", "HTML", "PostCSS", "JavaScript", "Markdown", "Python", "comment", "blank", "total"
"c:\Users\60991\OneDrive\Documents\GitHub\TianyuWeb\src_products\disinfection\Automatic_dry_powder_feeders.md", "Markdown", 0, 0, 0, 0, 0, -11, 0, 0, 0, -11
"c:\Users\60991\OneDrive\Documents\GitHub\TianyuWeb\src_products\disinfection\Chlorine_dioxide_generators_chemical_method.md", "Markdown", 0, 0, 0, 0, 0, -11, 0, 0, 0, -11
"c:\Users\60991\OneDrive\Documents\GitHub\TianyuWeb\src_products\disinfection\Chlorine_dioxide_generators_electrolytic.md", "Markdown", 0, 0, 0, 0, 0, -11, 0, 0, 0, -11
"c:\Users\60991\OneDrive\Documents\GitHub\TianyuWeb\src_products\disinfection\Electronic_scale_removal_devices.md", "Markdown", 0, 0, 0, 0, 0, -11, 0, 0, 0, -11
"c:\Users\60991\OneDrive\Documents\GitHub\TianyuWeb\src_products\disinfection\Fully_automatic_chemical_dosing_skids.md", "Markdown", 0, 0, 0, 0, 0, -11, 0, 0, 0, -11
"c:\Users\60991\OneDrive\Documents\GitHub\TianyuWeb\src_products\disinfection\General_chemical_dosing_units.md", "Markdown", 0, 0, 0, 0, 0, -11, 0, 0, 0, -11
"c:\Users\60991\OneDrive\Documents\GitHub\TianyuWeb\src_products\disinfection\In_line_static_mixers.md", "Markdown", 0, 0, 0, 0, 0, -11, 0, 0, 0, -11
"c:\Users\60991\OneDrive\Documents\GitHub\TianyuWeb\src_products\disinfection\Ozone_generators.md", "Markdown", 0, 0, 0, 0, 0, -11, 0, 0, 0, -11
"c:\Users\60991\OneDrive\Documents\GitHub\TianyuWeb\src_products\disinfection\Powder_metering_feeders.md", "Markdown", 0, 0, 0, 0, 0, -11, 0, 0, 0, -11
"c:\Users\60991\OneDrive\Documents\GitHub\TianyuWeb\src_products\disinfection\Power_plant_chemical_feed_systems.md", "Markdown", 0, 0, 0, 0, 0, -11, 0, 0, 0, -11
"c:\Users\60991\OneDrive\Documents\GitHub\TianyuWeb\src_products\disinfection\Sodium_hypochlorite_generators.md", "Markdown", 0, 0, 0, 0, 0, -11, 0, 0, 0, -11
"c:\Users\60991\OneDrive\Documents\GitHub\TianyuWeb\src_products\disinfection\Submersible_dosing_systems.md", "Markdown", 0, 0, 0, 0, 0, -11, 0, 0, 0, -11
"c:\Users\60991\OneDrive\Documents\GitHub\TianyuWeb\src_products\disinfection\UV_disinfection_reactors.md", "Markdown", 0, 0, 0, 0, 0, -11, 0, 0, 0, -11
"c:\Users\60991\OneDrive\Documents\GitHub\TianyuWeb\src_products\disinfection\WA_series_dosing_skids.md", "Markdown", 0, 0, 0, 0, 0, -11, 0, 0, 0, -11
"c:\Users\60991\OneDrive\Documents\GitHub\TianyuWeb\src_products\dust\Cyclone_dust_collectors.md", "Markdown", 0, 0, 0, 0, 0, -11, 0, 0, 0, -11
"c:\Users\60991\OneDrive\Documents\GitHub\TianyuWeb\src_products\dust\Electrostatic_precipitators_ESP.md", "Markdown", 0, 0, 0, 0, 0, -11, 0, 0, 0, -11
"c:\Users\60991\OneDrive\Documents\GitHub\TianyuWeb\src_products\dust\High_efficiency_wet_film_scrubbers.md", "Markdown", 0, 0, 0, 0, 0, -11, 0, 0, 0, -11
"c:\Users\60991\OneDrive\Documents\GitHub\TianyuWeb\src_products\gas\Acid_alkali_gas_scrubbing_towers.md", "Markdown", 0, 0, 0, 0, 0, -11, 0, 0, 0, -11
"c:\Users\60991\OneDrive\Documents\GitHub\TianyuWeb\src_products\gas\Flue_gas_desulfurization_denitrification_equipment.md", "Markdown", 0, 0, 0, 0, 0, -11, 0, 0, 0, -11
"c:\Users\60991\OneDrive\Documents\GitHub\TianyuWeb\src_products\gas\Odor_control_deodorization_units.md", "Markdown", 0, 0, 0, 0, 0, -11, 0, 0, 0, -11
"c:\Users\60991\OneDrive\Documents\GitHub\TianyuWeb\src_products\gas\Packed_bed_exhaust_gas_scrubbers.md", "Markdown", 0, 0, 0, 0, 0, -11, 0, 0, 0, -11
"c:\Users\60991\OneDrive\Documents\GitHub\TianyuWeb\src_products\gas\Thermal_oxidizers_incinerators.md", "Markdown", 0, 0, 0, 0, 0, -11, 0, 0, 0, -11
"c:\Users\60991\OneDrive\Documents\GitHub\TianyuWeb\src_products\gas\ke-series-purifier.md", "Markdown", 0, 0, 0, 0, 0, -11, 0, 0, 0, -11
"c:\Users\60991\OneDrive\Documents\GitHub\TianyuWeb\src_products\generate_md.py", "Python", 0, 0, 0, 0, 0, 0, -201, -20, -6, -227
"c:\Users\60991\OneDrive\Documents\GitHub\TianyuWeb\src_products\md_template.md", "Markdown", 0, 0, 0, 0, 0, -10, 0, 0, -15, -25
"c:\Users\60991\OneDrive\Documents\GitHub\TianyuWeb\src_products\parts\ABS_strainers_filter_nozzles.md", "Markdown", 0, 0, 0, 0, 0, -11, 0, 0, 0, -11
"c:\Users\60991\OneDrive\Documents\GitHub\TianyuWeb\src_products\parts\Active_bio_media_moving_bed.md", "Markdown", 0, 0, 0, 0, 0, -11, 0, 0, 0, -11
"c:\Users\60991\OneDrive\Documents\GitHub\TianyuWeb\src_products\parts\Adjustable_weir_gates.md", "Markdown", 0, 0, 0, 0, 0, -11, 0, 0, 0, -11
"c:\Users\60991\OneDrive\Documents\GitHub\TianyuWeb\src_products\parts\Alumina_ceramic_balls.md", "Markdown", 0, 0, 0, 0, 0, -11, 0, 0, 0, -11
"c:\Users\60991\OneDrive\Documents\GitHub\TianyuWeb\src_products\parts\Anthracite_filter_media.md", "Markdown", 0, 0, 0, 0, 0, -11, 0, 0, 0, -11
"c:\Users\60991\OneDrive\Documents\GitHub\TianyuWeb\src_products\parts\Braided_rope_packing.md", "Markdown", 0, 0, 0, 0, 0, -11, 0, 0, 0, -11
"c:\Users\60991\OneDrive\Documents\GitHub\TianyuWeb\src_products\parts\Cast_iron_round_gates_bronze_seated.md", "Markdown", 0, 0, 0, 0, 0, -11, 0, 0, 0, -11
"c:\Users\60991\OneDrive\Documents\GitHub\TianyuWeb\src_products\parts\Cast_iron_square_gates_bronze_seated.md", "Markdown", 0, 0, 0, 0, 0, -11, 0, 0, 0, -11
"c:\Users\60991\OneDrive\Documents\GitHub\TianyuWeb\src_products\parts\Cast_iron_tide_flap_gates.md", "Markdown", 0, 0, 0, 0, 0, -11, 0, 0, 0, -11
"c:\Users\60991\OneDrive\Documents\GitHub\TianyuWeb\src_products\parts\Ceramic_Raschig_rings.md", "Markdown", 0, 0, 0, 0, 0, -11, 0, 0, 0, -11
"c:\Users\60991\OneDrive\Documents\GitHub\TianyuWeb\src_products\parts\Ceramic_ceramsite_filter_media.md", "Markdown", 0, 0, 0, 0, 0, -11, 0, 0, 0, -11
"c:\Users\60991\OneDrive\Documents\GitHub\TianyuWeb\src_products\parts\Corrugated_structured_packing.md", "Markdown", 0, 0, 0, 0, 0, -11, 0, 0, 0, -11
"c:\Users\60991\OneDrive\Documents\GitHub\TianyuWeb\src_products\parts\Double_ring_combined_packing.md", "Markdown", 0, 0, 0, 0, 0, -11, 0, 0, 0, -11
"c:\Users\60991\OneDrive\Documents\GitHub\TianyuWeb\src_products\parts\Drift_mist_eliminators.md", "Markdown", 0, 0, 0, 0, 0, -11, 0, 0, 0, -11
"c:\Users\60991\OneDrive\Documents\GitHub\TianyuWeb\src_products\parts\FRP_cover_panels.md", "Markdown", 0, 0, 0, 0, 0, -11, 0, 0, 0, -11
"c:\Users\60991\OneDrive\Documents\GitHub\TianyuWeb\src_products\parts\FRP_ductwork.md", "Markdown", 0, 0, 0, 0, 0, -11, 0, 0, 0, -11
"c:\Users\60991\OneDrive\Documents\GitHub\TianyuWeb\src_products\parts\FRP_filament_wound_storage_tanks.md", "Markdown", 0, 0, 0, 0, 0, -11, 0, 0, 0, -11
"c:\Users\60991\OneDrive\Documents\GitHub\TianyuWeb\src_products\parts\FRP_storage_vessels.md", "Markdown", 0, 0, 0, 0, 0, -11, 0, 0, 0, -11
"c:\Users\60991\OneDrive\Documents\GitHub\TianyuWeb\src_products\parts\Flat_slide_gates.md", "Markdown", 0, 0, 0, 0, 0, -11, 0, 0, 0, -11
"c:\Users\60991\OneDrive\Documents\GitHub\TianyuWeb\src_products\parts\Flexible_elastic_bio_filler.md", "Markdown", 0, 0, 0, 0, 0, -11, 0, 0, 0, -11
"c:\Users\60991\OneDrive\Documents\GitHub\TianyuWeb\src_products\parts\Fully_sealed_sanitary_metal_water_tanks.md", "Markdown", 0, 0, 0, 0, 0, -11, 0, 0, 0, -11
"c:\Users\60991\OneDrive\Documents\GitHub\TianyuWeb\src_products\parts\Gate_hoist_mechanisms.md", "Markdown", 0, 0, 0, 0, 0, -11, 0, 0, 0, -11
"c:\Users\60991\OneDrive\Documents\GitHub\TianyuWeb\src_products\parts\Hexagonal_honeycomb_media.md", "Markdown", 0, 0, 0, 0, 0, -11, 0, 0, 0, -11
"c:\Users\60991\OneDrive\Documents\GitHub\TianyuWeb\src_products\parts\Hollow_plastic_balls.md", "Markdown", 0, 0, 0, 0, 0, -11, 0, 0, 0, -11
"c:\Users\60991\OneDrive\Documents\GitHub\TianyuWeb\src_products\parts\PAC_coagulant.md", "Markdown", 0, 0, 0, 0, 0, -11, 0, 0, 0, -11
"c:\Users\60991\OneDrive\Documents\GitHub\TianyuWeb\src_products\parts\Plastic_Pall_flower_rings.md", "Markdown", 0, 0, 0, 0, 0, -11, 0, 0, 0, -11
"c:\Users\60991\OneDrive\Documents\GitHub\TianyuWeb\src_products\parts\Pressure_resistant_corrosion_proof_tanks.md", "Markdown", 0, 0, 0, 0, 0, -11, 0, 0, 0, -11
"c:\Users\60991\OneDrive\Documents\GitHub\TianyuWeb\src_products\parts\Sectional_welded_stainless_steel_water_tanks.md", "Markdown", 0, 0, 0, 0, 0, -11, 0, 0, 0, -11
"c:\Users\60991\OneDrive\Documents\GitHub\TianyuWeb\src_products\parts\Semi_soft_packing_media.md", "Markdown", 0, 0, 0, 0, 0, -11, 0, 0, 0, -11
"c:\Users\60991\OneDrive\Documents\GitHub\TianyuWeb\src_products\parts\Silica_sand_filter_media.md", "Markdown", 0, 0, 0, 0, 0, -11, 0, 0, 0, -11
"c:\Users\60991\OneDrive\Documents\GitHub\TianyuWeb\src_products\parts\Skylight_domes_daylighting_covers.md", "Markdown", 0, 0, 0, 0, 0, -11, 0, 0, 0, -11
"c:\Users\60991\OneDrive\Documents\GitHub\TianyuWeb\src_products\parts\Spherical_water_tanks.md", "Markdown", 0, 0, 0, 0, 0, -11, 0, 0, 0, -11
"c:\Users\60991\OneDrive\Documents\GitHub\TianyuWeb\src_products\parts\Spray_nozzles_various_types.md", "Markdown", 0, 0, 0, 0, 0, -11, 0, 0, 0, -11
"c:\Users\60991\OneDrive\Documents\GitHub\TianyuWeb\src_products\parts\Square_grid_packing.md", "Markdown", 0, 0, 0, 0, 0, -11, 0, 0, 0, -11
"c:\Users\60991\OneDrive\Documents\GitHub\TianyuWeb\src_products\parts\Stainless_steel_sanitary_water_tanks.md", "Markdown", 0, 0, 0, 0, 0, -11, 0, 0, 0, -11
"c:\Users\60991\OneDrive\Documents\GitHub\TianyuWeb\src_products\parts\Stainless_steel_sluice_gates.md", "Markdown", 0, 0, 0, 0, 0, -11, 0, 0, 0, -11
"c:\Users\60991\OneDrive\Documents\GitHub\TianyuWeb\src_products\parts\Stainless_steel_wedge_wire_screens.md", "Markdown", 0, 0, 0, 0, 0, -11, 0, 0, 0, -11
"c:\Users\60991\OneDrive\Documents\GitHub\TianyuWeb\src_products\parts\Step_rings.md", "Markdown", 0, 0, 0, 0, 0, -11, 0, 0, 0, -11
"c:\Users\60991\OneDrive\Documents\GitHub\TianyuWeb\src_products\parts\Vertical_insulated_water_tanks.md", "Markdown", 0, 0, 0, 0, 0, -11, 0, 0, 0, -11
"c:\Users\60991\OneDrive\Documents\GitHub\TianyuWeb\src_products\water\Anaerobic_treatment_reactors.md", "Markdown", 0, 0, 0, 0, 0, -11, 0, 0, 0, -11
"c:\Users\60991\OneDrive\Documents\GitHub\TianyuWeb\src_products\water\Automatic_clarifiers.md", "Markdown", 0, 0, 0, 0, 0, -11, 0, 0, 0, -11
"c:\Users\60991\OneDrive\Documents\GitHub\TianyuWeb\src_products\water\BS_type_air_flotation_units.md", "Markdown", 0, 0, 0, 0, 0, -11, 0, 0, 0, -11
"c:\Users\60991\OneDrive\Documents\GitHub\TianyuWeb\src_products\water\Belt_conveyors.md", "Markdown", 0, 0, 0, 0, 0, -11, 0, 0, 0, -11
"c:\Users\60991\OneDrive\Documents\GitHub\TianyuWeb\src_products\water\Belt_filter_presses.md", "Markdown", 0, 0, 0, 0, 0, -11, 0, 0, 0, -11
"c:\Users\60991\OneDrive\Documents\GitHub\TianyuWeb\src_products\water\Biological_contact_oxidation_towers.md", "Markdown", 0, 0, 0, 0, 0, -11, 0, 0, 0, -11
"c:\Users\60991\OneDrive\Documents\GitHub\TianyuWeb\src_products\water\Buried_FRP_packaged_sewage_plants.md", "Markdown", 0, 0, 0, 0, 0, -11, 0, 0, 0, -11
"c:\Users\60991\OneDrive\Documents\GitHub\TianyuWeb\src_products\water\Buried_steel_packaged_sewage_plants.md", "Markdown", 0, 0, 0, 0, 0, -11, 0, 0, 0, -11
"c:\Users\60991\OneDrive\Documents\GitHub\TianyuWeb\src_products\water\Cable_drive_sludge_scrapers.md", "Markdown", 0, 0, 0, 0, 0, -11, 0, 0, 0, -11
"c:\Users\60991\OneDrive\Documents\GitHub\TianyuWeb\src_products\water\Cable_operated_trash_rakes.md", "Markdown", 0, 0, 0, 0, 0, -11, 0, 0, 0, -11
"c:\Users\60991\OneDrive\Documents\GitHub\TianyuWeb\src_products\water\Cavitation_air_flotation_units.md", "Markdown", 0, 0, 0, 0, 0, -11, 0, 0, 0, -11
"c:\Users\60991\OneDrive\Documents\GitHub\TianyuWeb\src_products\water\Center_drive_clarifier_scrapers.md", "Markdown", 0, 0, 0, 0, 0, -11, 0, 0, 0, -11
"c:\Users\60991\OneDrive\Documents\GitHub\TianyuWeb\src_products\water\Chamber_plate_and_frame_filter_presses.md", "Markdown", 0, 0, 0, 0, 0, -11, 0, 0, 0, -11
"c:\Users\60991\OneDrive\Documents\GitHub\TianyuWeb\src_products\water\Curved_bar_screens.md", "Markdown", 0, 0, 0, 0, 0, -11, 0, 0, 0, -11
"c:\Users\60991\OneDrive\Documents\GitHub\TianyuWeb\src_products\water\Decanter_centrifuges.md", "Markdown", 0, 0, 0, 0, 0, -11, 0, 0, 0, -11
"c:\Users\60991\OneDrive\Documents\GitHub\TianyuWeb\src_products\water\Dissolved_air_flotation_DAF_clarifiers.md", "Markdown", 0, 0, 0, 0, 0, -11, 0, 0, 0, -11
"c:\Users\60991\OneDrive\Documents\GitHub\TianyuWeb\src_products\water\Emulsion_wastewater_treatment_skids.md", "Markdown", 0, 0, 0, 0, 0, -11, 0, 0, 0, -11
"c:\Users\60991\OneDrive\Documents\GitHub\TianyuWeb\src_products\water\Full_bridge_peripheral_drive_sludge_scrapers_circular_clarifiers.md", "Markdown", 0, 0, 0, 0, 0, -11, 0, 0, 0, -11
"c:\Users\60991\OneDrive\Documents\GitHub\TianyuWeb\src_products\water\General_purpose_mixing_agitators.md", "Markdown", 0, 0, 0, 0, 0, -11, 0, 0, 0, -11
"c:\Users\60991\OneDrive\Documents\GitHub\TianyuWeb\src_products\water\Grit_classifiers_sand_water_separators.md", "Markdown", 0, 0, 0, 0, 0, -11, 0, 0, 0, -11
"c:\Users\60991\OneDrive\Documents\GitHub\TianyuWeb\src_products\water\High_speed_clarifier_mixers.md", "Markdown", 0, 0, 0, 0, 0, -11, 0, 0, 0, -11
"c:\Users\60991\OneDrive\Documents\GitHub\TianyuWeb\src_products\water\Horizontal_screw_discharge_settling_centrifuges.md", "Markdown", 0, 0, 0, 0, 0, -11, 0, 0, 0, -11
"c:\Users\60991\OneDrive\Documents\GitHub\TianyuWeb\src_products\water\In_line_grinder_screens_comminutors.md", "Markdown", 0, 0, 0, 0, 0, -11, 0, 0, 0, -11
"c:\Users\60991\OneDrive\Documents\GitHub\TianyuWeb\src_products\water\Inclined_tube_settlers.md", "Markdown", 0, 0, 0, 0, 0, -11, 0, 0, 0, -11
"c:\Users\60991\OneDrive\Documents\GitHub\TianyuWeb\src_products\water\Integrated_air_flotation_units.md", "Markdown", 0, 0, 0, 0, 0, -11, 0, 0, 0, -11
"c:\Users\60991\OneDrive\Documents\GitHub\TianyuWeb\src_products\water\Lamella_plate_clarifiers.md", "Markdown", 0, 0, 0, 0, 0, -11, 0, 0, 0, -11
"c:\Users\60991\OneDrive\Documents\GitHub\TianyuWeb\src_products\water\Land_based_oil_water_separators.md", "Markdown", 0, 0, 0, 0, 0, -11, 0, 0, 0, -11
"c:\Users\60991\OneDrive\Documents\GitHub\TianyuWeb\src_products\water\Low_speed_propeller_mixers_axial_flow.md", "Markdown", 0, 0, 0, 0, 0, -11, 0, 0, 0, -11
"c:\Users\60991\OneDrive\Documents\GitHub\TianyuWeb\src_products\water\MBR_membrane_bioreactor_packages.md", "Markdown", 0, 0, 0, 0, 0, -11, 0, 0, 0, -11
"c:\Users\60991\OneDrive\Documents\GitHub\TianyuWeb\src_products\water\Mechanical_bar_screens.md", "Markdown", 0, 0, 0, 0, 0, -11, 0, 0, 0, -11
"c:\Users\60991\OneDrive\Documents\GitHub\TianyuWeb\src_products\water\Radial_flow_clarifier_peripheral_drive_scraper_with_direct_discharge.md", "Markdown", 0, 0, 0, 0, 0, -11, 0, 0, 0, -11
"c:\Users\60991\OneDrive\Documents\GitHub\TianyuWeb\src_products\water\Rotary_drum_fine_screens.md", "Markdown", 0, 0, 0, 0, 0, -11, 0, 0, 0, -11
"c:\Users\60991\OneDrive\Documents\GitHub\TianyuWeb\src_products\water\Rotary_shear_flotation_cells.md", "Markdown", 0, 0, 0, 0, 0, -11, 0, 0, 0, -11
"c:\Users\60991\OneDrive\Documents\GitHub\TianyuWeb\src_products\water\Screw_press_compactors.md", "Markdown", 0, 0, 0, 0, 0, -11, 0, 0, 0, -11
"c:\Users\60991\OneDrive\Documents\GitHub\TianyuWeb\src_products\water\Shaftless_screw_conveyors.md", "Markdown", 0, 0, 0, 0, 0, -11, 0, 0, 0, -11
"c:\Users\60991\OneDrive\Documents\GitHub\TianyuWeb\src_products\water\Shallow_tank_high_efficiency_DAF_units.md", "Markdown", 0, 0, 0, 0, 0, -11, 0, 0, 0, -11
"c:\Users\60991\OneDrive\Documents\GitHub\TianyuWeb\src_products\water\Siphon_suction_sludge_collectors.md", "Markdown", 0, 0, 0, 0, 0, -11, 0, 0, 0, -11
"c:\Users\60991\OneDrive\Documents\GitHub\TianyuWeb\src_products\water\Slaughterhouse_wastewater_systems.md", "Markdown", 0, 0, 0, 0, 0, -11, 0, 0, 0, -11
"c:\Users\60991\OneDrive\Documents\GitHub\TianyuWeb\src_products\water\Submersible_mixers.md", "Markdown", 0, 0, 0, 0, 0, -11, 0, 0, 0, -11
"c:\Users\60991\OneDrive\Documents\GitHub\TianyuWeb\src_products\water\Suction_type_sludge_collectors_for_rectangular_tanks.md", "Markdown", 0, 0, 0, 0, 0, -11, 0, 0, 0, -11
"c:\Users\60991\OneDrive\Documents\GitHub\TianyuWeb\src_products\water\Surface_oil_skimmers.md", "Markdown", 0, 0, 0, 0, 0, -11, 0, 0, 0, -11
"c:\Users\60991\OneDrive\Documents\GitHub\TianyuWeb\src_products\water\Surface_skimmers_scum_skimmers.md", "Markdown", 0, 0, 0, 0, 0, -11, 0, 0, 0, -11
"c:\Users\60991\OneDrive\Documents\GitHub\TianyuWeb\src_products\water\Traveling_bridge_sludge_scrapers.md", "Markdown", 0, 0, 0, 0, 0, -11, 0, 0, 0, -11
"c:\Users\60991\OneDrive\Documents\GitHub\TianyuWeb\src_products\water\Traveling_chain_rotary_bar_screens.md", "Markdown", 0, 0, 0, 0, 0, -11, 0, 0, 0, -11
"c:\Users\60991\OneDrive\Documents\GitHub\TianyuWeb\src_products\water\Up_flow_clarifiers.md", "Markdown", 0, 0, 0, 0, 0, -11, 0, 0, 0, -11
"c:\Users\60991\OneDrive\Documents\GitHub\TianyuWeb\src_products\water\Vortex_flow_grit_chambers.md", "Markdown", 0, 0, 0, 0, 0, -11, 0, 0, 0, -11
"c:\Users\60991\OneDrive\Documents\GitHub\TianyuWeb\src_products\water_supply\Activated_carbon_filters.md", "Markdown", 0, 0, 0, 0, 0, -11, 0, 0, 0, -11
"c:\Users\60991\OneDrive\Documents\GitHub\TianyuWeb\src_products\water_supply\All_in_one_water_conditioning_devices.md", "Markdown", 0, 0, 0, 0, 0, -11, 0, 0, 0, -11
"c:\Users\60991\OneDrive\Documents\GitHub\TianyuWeb\src_products\water_supply\Ambient_temperature_deaerators.md", "Markdown", 0, 0, 0, 0, 0, -11, 0, 0, 0, -11
"c:\Users\60991\OneDrive\Documents\GitHub\TianyuWeb\src_products\water_supply\Anion_and_cation_exchange_units.md", "Markdown", 0, 0, 0, 0, 0, -11, 0, 0, 0, -11
"c:\Users\60991\OneDrive\Documents\GitHub\TianyuWeb\src_products\water_supply\Automatic_pneumatic_booster_pump_systems.md", "Markdown", 0, 0, 0, 0, 0, -11, 0, 0, 0, -11
"c:\Users\60991\OneDrive\Documents\GitHub\TianyuWeb\src_products\water_supply\Blow_down_back_flush_filters.md", "Markdown", 0, 0, 0, 0, 0, -11, 0, 0, 0, -11
"c:\Users\60991\OneDrive\Documents\GitHub\TianyuWeb\src_products\water_supply\CO2_stripping_degassing_towers.md", "Markdown", 0, 0, 0, 0, 0, -11, 0, 0, 0, -11
"c:\Users\60991\OneDrive\Documents\GitHub\TianyuWeb\src_products\water_supply\Cartridge_precision_polishing_filters.md", "Markdown", 0, 0, 0, 0, 0, -11, 0, 0, 0, -11
"c:\Users\60991\OneDrive\Documents\GitHub\TianyuWeb\src_products\water_supply\Continuous_sand_filters.md", "Markdown", 0, 0, 0, 0, 0, -11, 0, 0, 0, -11
"c:\Users\60991\OneDrive\Documents\GitHub\TianyuWeb\src_products\water_supply\EDL_electro_deionization_units.md", "Markdown", 0, 0, 0, 0, 0, -11, 0, 0, 0, -11
"c:\Users\60991\OneDrive\Documents\GitHub\TianyuWeb\src_products\water_supply\Fiber_ball_filters.md", "Markdown", 0, 0, 0, 0, 0, -11, 0, 0, 0, -11
"c:\Users\60991\OneDrive\Documents\GitHub\TianyuWeb\src_products\water_supply\Fiber_bundle_filters.md", "Markdown", 0, 0, 0, 0, 0, -11, 0, 0, 0, -11
"c:\Users\60991\OneDrive\Documents\GitHub\TianyuWeb\src_products\water_supply\Fluoride_removal_skids.md", "Markdown", 0, 0, 0, 0, 0, -11, 0, 0, 0, -11
"c:\Users\60991\OneDrive\Documents\GitHub\TianyuWeb\src_products\water_supply\Fountain_equipment_various_styles.md", "Markdown", 0, 0, 0, 0, 0, -11, 0, 0, 0, -11
"c:\Users\60991\OneDrive\Documents\GitHub\TianyuWeb\src_products\water_supply\Fully_automatic_back_wash_filters.md", "Markdown", 0, 0, 0, 0, 0, -11, 0, 0, 0, -11
"c:\Users\60991\OneDrive\Documents\GitHub\TianyuWeb\src_products\water_supply\Fully_automatic_water_purifiers.md", "Markdown", 0, 0, 0, 0, 0, -11, 0, 0, 0, -11
"c:\Users\60991\OneDrive\Documents\GitHub\TianyuWeb\src_products\water_supply\Fully_automatic_water_softening_systems.md", "Markdown", 0, 0, 0, 0, 0, -11, 0, 0, 0, -11
"c:\Users\60991\OneDrive\Documents\GitHub\TianyuWeb\src_products\water_supply\Guard_security_filters.md", "Markdown", 0, 0, 0, 0, 0, -11, 0, 0, 0, -11
"c:\Users\60991\OneDrive\Documents\GitHub\TianyuWeb\src_products\water_supply\High_efficiency_pressure_filters.md", "Markdown", 0, 0, 0, 0, 0, -11, 0, 0, 0, -11
"c:\Users\60991\OneDrive\Documents\GitHub\TianyuWeb\src_products\water_supply\High_rate_medium_rate_filters.md", "Markdown", 0, 0, 0, 0, 0, -11, 0, 0, 0, -11
"c:\Users\60991\OneDrive\Documents\GitHub\TianyuWeb\src_products\water_supply\High_voltage_electrostatic_water_conditioners.md", "Markdown", 0, 0, 0, 0, 0, -11, 0, 0, 0, -11
"c:\Users\60991\OneDrive\Documents\GitHub\TianyuWeb\src_products\water_supply\Ion_exchange_vessels.md", "Markdown", 0, 0, 0, 0, 0, -11, 0, 0, 0, -11
"c:\Users\60991\OneDrive\Documents\GitHub\TianyuWeb\src_products\water_supply\Iron_and_manganese_removal_filters.md", "Markdown", 0, 0, 0, 0, 0, -11, 0, 0, 0, -11
"c:\Users\60991\OneDrive\Documents\GitHub\TianyuWeb\src_products\water_supply\Israeli_ARKAL_disc_filters.md", "Markdown", 0, 0, 0, 0, 0, -11, 0, 0, 0, -11
"c:\Users\60991\OneDrive\Documents\GitHub\TianyuWeb\src_products\water_supply\JM_automatic_softeners.md", "Markdown", 0, 0, 0, 0, 0, -11, 0, 0, 0, -11
"c:\Users\60991\OneDrive\Documents\GitHub\TianyuWeb\src_products\water_supply\KG_L_series_water_purifiers.md", "Markdown", 0, 0, 0, 0, 0, -11, 0, 0, 0, -11
"c:\Users\60991\OneDrive\Documents\GitHub\TianyuWeb\src_products\water_supply\Large_scale_desalination_turn_key_plants.md", "Markdown", 0, 0, 0, 0, 0, -11, 0, 0, 0, -11
"c:\Users\60991\OneDrive\Documents\GitHub\TianyuWeb\src_products\water_supply\Manual_brush_type_filters.md", "Markdown", 0, 0, 0, 0, 0, -11, 0, 0, 0, -11
"c:\Users\60991\OneDrive\Documents\GitHub\TianyuWeb\src_products\water_supply\Mixed_bed_anion_cation_floating_bed_exchangers.md", "Markdown", 0, 0, 0, 0, 0, -11, 0, 0, 0, -11
"c:\Users\60991\OneDrive\Documents\GitHub\TianyuWeb\src_products\water_supply\Modular_softening_skids.md", "Markdown", 0, 0, 0, 0, 0, -11, 0, 0, 0, -11
"c:\Users\60991\OneDrive\Documents\GitHub\TianyuWeb\src_products\water_supply\Multimedia_pressure_sand_filters.md", "Markdown", 0, 0, 0, 0, 0, -11, 0, 0, 0, -11
"c:\Users\60991\OneDrive\Documents\GitHub\TianyuWeb\src_products\water_supply\New_gravity_gap_free_filters.md", "Markdown", 0, 0, 0, 0, 0, -11, 0, 0, 0, -11
"c:\Users\60991\OneDrive\Documents\GitHub\TianyuWeb\src_products\water_supply\Package_compact_water_treatment_units.md", "Markdown", 0, 0, 0, 0, 0, -11, 0, 0, 0, -11
"c:\Users\60991\OneDrive\Documents\GitHub\TianyuWeb\src_products\water_supply\Pool_recirculation_equipment.md", "Markdown", 0, 0, 0, 0, 0, -11, 0, 0, 0, -11
"c:\Users\60991\OneDrive\Documents\GitHub\TianyuWeb\src_products\water_supply\Reverse_osmosis_RO_desalination_systems.md", "Markdown", 0, 0, 0, 0, 0, -11, 0, 0, 0, -11
"c:\Users\60991\OneDrive\Documents\GitHub\TianyuWeb\src_products\water_supply\Self_cleaning_back_wash_filters.md", "Markdown", 0, 0, 0, 0, 0, -11, 0, 0, 0, -11
"c:\Users\60991\OneDrive\Documents\GitHub\TianyuWeb\src_products\water_supply\Shallow_bed_filters.md", "Markdown", 0, 0, 0, 0, 0, -11, 0, 0, 0, -11
"c:\Users\60991\OneDrive\Documents\GitHub\TianyuWeb\src_products\water_supply\Sludge_water_separators.md", "Markdown", 0, 0, 0, 0, 0, -11, 0, 0, 0, -11
"c:\Users\60991\OneDrive\Documents\GitHub\TianyuWeb\src_products\water_supply\Swimming_pool_filters.md", "Markdown", 0, 0, 0, 0, 0, -11, 0, 0, 0, -11
"c:\Users\60991\OneDrive\Documents\GitHub\TianyuWeb\src_products\water_supply\Thermal_deaerators.md", "Markdown", 0, 0, 0, 0, 0, -11, 0, 0, 0, -11
"c:\Users\60991\OneDrive\Documents\GitHub\TianyuWeb\src_products\water_supply\Ultrafiltration_UF_skids.md", "Markdown", 0, 0, 0, 0, 0, -11, 0, 0, 0, -11
"c:\Users\60991\OneDrive\Documents\GitHub\TianyuWeb\src_products\water_supply\VFD_constant_pressure_booster_systems.md", "Markdown", 0, 0, 0, 0, 0, -11, 0, 0, 0, -11
"c:\Users\60991\OneDrive\Documents\GitHub\TianyuWeb\src_products\water_supply\Vacuum_deaerators.md", "Markdown", 0, 0, 0, 0, 0, -11, 0, 0, 0, -11
"c:\Users\60991\OneDrive\Documents\GitHub\TianyuWeb\src_products\water_supply\Walnut_shell_media_filters.md", "Markdown", 0, 0, 0, 0, 0, -11, 0, 0, 0, -11
"c:\Users\60991\OneDrive\Documents\GitHub\TianyuWeb\web\admin\api\cases_handler.php", "PHP", 84, 0, 0, 0, 0, 0, 0, 4, 14, 102
"c:\Users\60991\OneDrive\Documents\GitHub\TianyuWeb\web\admin\api\jobs_handler.php", "PHP", 65, 0, 0, 0, 0, 0, 0, 7, 12, 84
"c:\Users\60991\OneDrive\Documents\GitHub\TianyuWeb\web\admin\api\products_handler.php", "PHP", 123, 0, 0, 0, 0, 0, 0, 6, 22, 151
"c:\Users\60991\OneDrive\Documents\GitHub\TianyuWeb\web\admin\api\upload_handler.php", "PHP", 53, 0, 0, 0, 0, 0, 0, 11, 13, 77
"c:\Users\60991\OneDrive\Documents\GitHub\TianyuWeb\web\admin\auth.php", "PHP", 38, 0, 0, 0, 0, 0, 0, 2, 6, 46
"c:\Users\60991\OneDrive\Documents\GitHub\TianyuWeb\web\admin\dashboard.php", "PHP", 91, 0, 0, 0, 0, 0, 0, 7, 15, 113
"c:\Users\60991\OneDrive\Documents\GitHub\TianyuWeb\web\admin\edit_case.php", "PHP", 82, 0, 0, 0, 0, 0, 0, 0, 8, 90
"c:\Users\60991\OneDrive\Documents\GitHub\TianyuWeb\web\admin\edit_job.php", "PHP", 111, 0, 0, 0, 0, 0, 0, 8, 14, 133
"c:\Users\60991\OneDrive\Documents\GitHub\TianyuWeb\web\admin\edit_product.php", "PHP", 210, 0, 0, 0, 0, 0, 0, 9, 28, 247
"c:\Users\60991\OneDrive\Documents\GitHub\TianyuWeb\web\admin\includes\admin_header.php", "PHP", 30, 0, 0, 0, 0, 0, 0, 1, 0, 31
"c:\Users\60991\OneDrive\Documents\GitHub\TianyuWeb\web\admin\includes\db_config.php", "PHP", 15, 0, 0, 0, 0, 0, 0, 12, 5, 32
"c:\Users\60991\OneDrive\Documents\GitHub\TianyuWeb\web\admin\login.php", "PHP", 60, 0, 0, 0, 0, 0, 0, 3, 7, 70
"c:\Users\60991\OneDrive\Documents\GitHub\TianyuWeb\web\admin\logout.php", "PHP", 7, 0, 0, 0, 0, 0, 0, 1, 0, 8
"c:\Users\60991\OneDrive\Documents\GitHub\TianyuWeb\web\admin\manage_cases.php", "PHP", 87, 0, 0, 0, 0, 0, 0, 1, 3, 91
"c:\Users\60991\OneDrive\Documents\GitHub\TianyuWeb\web\admin\manage_jobs.php", "PHP", 100, 0, 0, 0, 0, 0, 0, 5, 8, 113
"c:\Users\60991\OneDrive\Documents\GitHub\TianyuWeb\web\admin\manage_products.php", "PHP", 123, 0, 0, 0, 0, 0, 0, 7, 10, 140
"c:\Users\60991\OneDrive\Documents\GitHub\TianyuWeb\web\api.php", "PHP", 33, 0, 0, 0, 0, 0, 0, 11, 13, 57
"c:\Users\60991\OneDrive\Documents\GitHub\TianyuWeb\web\assets\css\layout\_responsive.css", "PostCSS", 0, 0, 0, -3, 0, 0, 0, -2, 0, -5
"c:\Users\60991\OneDrive\Documents\GitHub\TianyuWeb\web\assets\css\main.css", "PostCSS", 0, 0, 0, 2, 0, 0, 0, 0, 0, 2
"c:\Users\60991\OneDrive\Documents\GitHub\TianyuWeb\web\assets\css\pages\_admin.css", "PostCSS", 0, 0, 0, 194, 0, 0, 0, 8, 12, 214
"c:\Users\60991\OneDrive\Documents\GitHub\TianyuWeb\web\assets\css\pages\_career.css", "PostCSS", 0, 0, 0, 86, 0, 0, 0, 7, 6, 99
"c:\Users\60991\OneDrive\Documents\GitHub\TianyuWeb\web\assets\css\pages\_contact.css", "PostCSS", 0, 0, 0, 22, 0, 0, 0, 1, 5, 28
"c:\Users\60991\OneDrive\Documents\GitHub\TianyuWeb\web\assets\css\pages\products\_product-category.css", "PostCSS", 0, 0, 0, 0, 0, 0, 0, -1, 1, 0
"c:\Users\60991\OneDrive\Documents\GitHub\TianyuWeb\web\assets\js\main.js", "JavaScript", 0, 0, 0, 0, -9, 0, 0, -4, -1, -14
"c:\Users\60991\OneDrive\Documents\GitHub\TianyuWeb\web\career.php", "PHP", 88, 0, 0, 0, 0, 0, 0, 2, 10, 100
"c:\Users\60991\OneDrive\Documents\GitHub\TianyuWeb\web\cases_lib\gas\cases.json", "JSON", 0, 0, 0, 0, 0, 0, 0, 0, 1, 1
"c:\Users\60991\OneDrive\Documents\GitHub\TianyuWeb\web\cases_lib\noise\cases.json", "JSON", 0, 0, 0, 0, 0, 0, 0, 0, 1, 1
"c:\Users\60991\OneDrive\Documents\GitHub\TianyuWeb\web\cases_lib\water\cases.json", "JSON", 0, 0, 0, 0, 0, 0, 0, 0, 1, 1
"c:\Users\60991\OneDrive\Documents\GitHub\TianyuWeb\web\contact.html", "HTML", 0, 0, 7, 0, 0, 0, 0, 0, 1, 8
"c:\Users\60991\OneDrive\Documents\GitHub\TianyuWeb\web\data\case_template.html", "HTML", 0, 0, 18, 0, 0, 0, 0, 0, 0, 18
"c:\Users\60991\OneDrive\Documents\GitHub\TianyuWeb\web\data\jobs_data.json", "JSON", 0, 30, 0, 0, 0, 0, 0, 0, 0, 30
"c:\Users\60991\OneDrive\Documents\GitHub\TianyuWeb\web\data\product_template.html", "HTML", 0, 0, 33, 0, 0, 0, 0, 0, 0, 33
"c:\Users\60991\OneDrive\Documents\GitHub\TianyuWeb\web\data\products.json", "JSON", 0, 1, 0, 0, 0, 0, 0, 0, 0, 1
"c:\Users\60991\OneDrive\Documents\GitHub\TianyuWeb\web\product_lib\disinfection\index.php", "PHP", 64, 0, 0, 0, 0, 0, 0, 3, 11, 78
"c:\Users\60991\OneDrive\Documents\GitHub\TianyuWeb\web\product_lib\dust\index.php", "PHP", 64, 0, 0, 0, 0, 0, 0, 3, 11, 78
"c:\Users\60991\OneDrive\Documents\GitHub\TianyuWeb\web\product_lib\gas\index.html", "HTML", 0, 0, 48, 0, 0, 0, 0, 0, 10, 58
"c:\Users\60991\OneDrive\Documents\GitHub\TianyuWeb\web\product_lib\gas\index.php", "PHP", 8, 0, 0, 0, 0, 0, 0, 0, 3, 11
"c:\Users\60991\OneDrive\Documents\GitHub\TianyuWeb\web\product_lib\parts\index.php", "PHP", 64, 0, 0, 0, 0, 0, 0, 3, 11, 78
"c:\Users\60991\OneDrive\Documents\GitHub\TianyuWeb\web\product_lib\water\index.php", "PHP", 64, 0, 0, 0, 0, 0, 0, 3, 11, 78
"c:\Users\60991\OneDrive\Documents\GitHub\TianyuWeb\web\product_lib\water_supply\index.php", "PHP", 64, 0, 0, 0, 0, 0, 0, 3, 11, 78
"Total", "-", 1728, 31, 106, 301, -9, -1682, -201, 101, 262, 637