"filename", "language", "Markdown", "JSON", "HTML", "PHP", "JavaScript", "XML", "PostCSS", "comment", "blank", "total"
"c:\Users\60991\OneDrive\Documents\GitHub\TianyuWeb\README.md", "Markdown", 2, 0, 0, 0, 0, 0, 0, 0, 1, 3
"c:\Users\60991\OneDrive\Documents\GitHub\TianyuWeb\generate-products.js", "JavaScript", 0, 0, 0, 0, 57, 0, 0, 2, 18, 77
"c:\Users\60991\OneDrive\Documents\GitHub\TianyuWeb\package-lock.json", "JSON", 0, 122, 0, 0, 0, 0, 0, 0, 1, 123
"c:\Users\60991\OneDrive\Documents\GitHub\TianyuWeb\package.json", "JSON", 0, 25, 0, 0, 0, 0, 0, 0, 1, 26
"c:\Users\60991\OneDrive\Documents\GitHub\TianyuWeb\product-template.html", "HTML", 0, 0, 57, 0, 0, 0, 0, 0, 7, 64
"c:\Users\60991\OneDrive\Documents\GitHub\TianyuWeb\web\about.html", "HTML", 0, 0, 176, 0, 0, 0, 0, 0, 20, 196
"c:\Users\60991\OneDrive\Documents\GitHub\TianyuWeb\web\admin\api\cases_handler.php", "PHP", 0, 0, 0, 84, 0, 0, 0, 4, 14, 102
"c:\Users\60991\OneDrive\Documents\GitHub\TianyuWeb\web\admin\api\jobs_handler.php", "PHP", 0, 0, 0, 65, 0, 0, 0, 7, 12, 84
"c:\Users\60991\OneDrive\Documents\GitHub\TianyuWeb\web\admin\api\products_handler.php", "PHP", 0, 0, 0, 123, 0, 0, 0, 6, 22, 151
"c:\Users\60991\OneDrive\Documents\GitHub\TianyuWeb\web\admin\api\upload_handler.php", "PHP", 0, 0, 0, 53, 0, 0, 0, 11, 13, 77
"c:\Users\60991\OneDrive\Documents\GitHub\TianyuWeb\web\admin\auth.php", "PHP", 0, 0, 0, 38, 0, 0, 0, 2, 6, 46
"c:\Users\60991\OneDrive\Documents\GitHub\TianyuWeb\web\admin\dashboard.php", "PHP", 0, 0, 0, 91, 0, 0, 0, 7, 15, 113
"c:\Users\60991\OneDrive\Documents\GitHub\TianyuWeb\web\admin\edit_case.php", "PHP", 0, 0, 0, 82, 0, 0, 0, 0, 8, 90
"c:\Users\60991\OneDrive\Documents\GitHub\TianyuWeb\web\admin\edit_job.php", "PHP", 0, 0, 0, 111, 0, 0, 0, 8, 14, 133
"c:\Users\60991\OneDrive\Documents\GitHub\TianyuWeb\web\admin\edit_product.php", "PHP", 0, 0, 0, 210, 0, 0, 0, 9, 28, 247
"c:\Users\60991\OneDrive\Documents\GitHub\TianyuWeb\web\admin\includes\admin_header.php", "PHP", 0, 0, 0, 30, 0, 0, 0, 1, 0, 31
"c:\Users\60991\OneDrive\Documents\GitHub\TianyuWeb\web\admin\includes\db_config.php", "PHP", 0, 0, 0, 15, 0, 0, 0, 12, 5, 32
"c:\Users\60991\OneDrive\Documents\GitHub\TianyuWeb\web\admin\login.php", "PHP", 0, 0, 0, 60, 0, 0, 0, 3, 7, 70
"c:\Users\60991\OneDrive\Documents\GitHub\TianyuWeb\web\admin\logout.php", "PHP", 0, 0, 0, 7, 0, 0, 0, 1, 0, 8
"c:\Users\60991\OneDrive\Documents\GitHub\TianyuWeb\web\admin\manage_cases.php", "PHP", 0, 0, 0, 87, 0, 0, 0, 1, 3, 91
"c:\Users\60991\OneDrive\Documents\GitHub\TianyuWeb\web\admin\manage_jobs.php", "PHP", 0, 0, 0, 100, 0, 0, 0, 5, 8, 113
"c:\Users\60991\OneDrive\Documents\GitHub\TianyuWeb\web\admin\manage_products.php", "PHP", 0, 0, 0, 123, 0, 0, 0, 7, 10, 140
"c:\Users\60991\OneDrive\Documents\GitHub\TianyuWeb\web\api.php", "PHP", 0, 0, 0, 33, 0, 0, 0, 11, 13, 57
"c:\Users\60991\OneDrive\Documents\GitHub\TianyuWeb\web\assets\css\base\_reset.css", "PostCSS", 0, 0, 0, 0, 0, 0, 15, 0, 0, 15
"c:\Users\60991\OneDrive\Documents\GitHub\TianyuWeb\web\assets\css\base\_typography.css", "PostCSS", 0, 0, 0, 0, 0, 0, 28, 0, 0, 28
"c:\Users\60991\OneDrive\Documents\GitHub\TianyuWeb\web\assets\css\base\_variables.css", "PostCSS", 0, 0, 0, 0, 0, 0, 13, 0, 0, 13
"c:\Users\60991\OneDrive\Documents\GitHub\TianyuWeb\web\assets\css\components\_buttons.css", "PostCSS", 0, 0, 0, 0, 0, 0, 28, 0, 0, 28
"c:\Users\60991\OneDrive\Documents\GitHub\TianyuWeb\web\assets\css\components\_cards.css", "PostCSS", 0, 0, 0, 0, 0, 0, 62, 3, 2, 67
"c:\Users\60991\OneDrive\Documents\GitHub\TianyuWeb\web\assets\css\components\_header-footer.css", "PostCSS", 0, 0, 0, 0, 0, 0, 204, 6, 9, 219
"c:\Users\60991\OneDrive\Documents\GitHub\TianyuWeb\web\assets\css\layout\_grid.css", "PostCSS", 0, 0, 0, 0, 0, 0, 14, 0, 0, 14
"c:\Users\60991\OneDrive\Documents\GitHub\TianyuWeb\web\assets\css\layout\_responsive.css", "PostCSS", 0, 0, 0, 0, 0, 0, 74, 7, 12, 93
"c:\Users\60991\OneDrive\Documents\GitHub\TianyuWeb\web\assets\css\main.css", "PostCSS", 0, 0, 0, 0, 0, 0, 18, 6, 4, 28
"c:\Users\60991\OneDrive\Documents\GitHub\TianyuWeb\web\assets\css\pages\_about.css", "PostCSS", 0, 0, 0, 0, 0, 0, 210, 9, 8, 227
"c:\Users\60991\OneDrive\Documents\GitHub\TianyuWeb\web\assets\css\pages\_admin.css", "PostCSS", 0, 0, 0, 0, 0, 0, 194, 8, 12, 214
"c:\Users\60991\OneDrive\Documents\GitHub\TianyuWeb\web\assets\css\pages\_career.css", "PostCSS", 0, 0, 0, 0, 0, 0, 86, 7, 6, 99
"c:\Users\60991\OneDrive\Documents\GitHub\TianyuWeb\web\assets\css\pages\_cases.css", "PostCSS", 0, 0, 0, 0, 0, 0, 99, 6, 4, 109
"c:\Users\60991\OneDrive\Documents\GitHub\TianyuWeb\web\assets\css\pages\_contact.css", "PostCSS", 0, 0, 0, 0, 0, 0, 160, 9, 12, 181
"c:\Users\60991\OneDrive\Documents\GitHub\TianyuWeb\web\assets\css\pages\_index.css", "PostCSS", 0, 0, 0, 0, 0, 0, 203, 16, 22, 241
"c:\Users\60991\OneDrive\Documents\GitHub\TianyuWeb\web\assets\css\pages\_products.css", "PostCSS", 0, 0, 0, 0, 0, 0, 58, 5, 13, 76
"c:\Users\60991\OneDrive\Documents\GitHub\TianyuWeb\web\assets\css\pages\_services.css", "PostCSS", 0, 0, 0, 0, 0, 0, 67, 6, 16, 89
"c:\Users\60991\OneDrive\Documents\GitHub\TianyuWeb\web\assets\css\pages\products\_product-category.css", "PostCSS", 0, 0, 0, 0, 0, 0, 58, 6, 9, 73
"c:\Users\60991\OneDrive\Documents\GitHub\TianyuWeb\web\assets\css\pages\products\gas.css", "PostCSS", 0, 0, 0, 0, 0, 0, 201, 10, 18, 229
"c:\Users\60991\OneDrive\Documents\GitHub\TianyuWeb\web\assets\js\contact-map.js", "JavaScript", 0, 0, 0, 0, 61, 0, 0, 9, 10, 80
"c:\Users\60991\OneDrive\Documents\GitHub\TianyuWeb\web\assets\js\footer.js", "JavaScript", 0, 0, 0, 0, 78, 0, 0, 1, 1, 80
"c:\Users\60991\OneDrive\Documents\GitHub\TianyuWeb\web\assets\js\header.js", "JavaScript", 0, 0, 0, 0, 58, 0, 0, 0, 0, 58
"c:\Users\60991\OneDrive\Documents\GitHub\TianyuWeb\web\assets\js\main.js", "JavaScript", 0, 0, 0, 0, 110, 0, 0, 17, 26, 153
"c:\Users\60991\OneDrive\Documents\GitHub\TianyuWeb\web\career.php", "PHP", 0, 0, 0, 88, 0, 0, 0, 2, 10, 100
"c:\Users\60991\OneDrive\Documents\GitHub\TianyuWeb\web\cases.html", "HTML", 0, 0, 115, 0, 0, 0, 0, 0, 14, 129
"c:\Users\60991\OneDrive\Documents\GitHub\TianyuWeb\web\cases_lib\gas\cases.json", "JSON", 0, 0, 0, 0, 0, 0, 0, 0, 1, 1
"c:\Users\60991\OneDrive\Documents\GitHub\TianyuWeb\web\cases_lib\noise\cases.json", "JSON", 0, 0, 0, 0, 0, 0, 0, 0, 1, 1
"c:\Users\60991\OneDrive\Documents\GitHub\TianyuWeb\web\cases_lib\water\cases.json", "JSON", 0, 0, 0, 0, 0, 0, 0, 0, 1, 1
"c:\Users\60991\OneDrive\Documents\GitHub\TianyuWeb\web\contact.html", "HTML", 0, 0, 107, 0, 0, 0, 0, 0, 14, 121
"c:\Users\60991\OneDrive\Documents\GitHub\TianyuWeb\web\data\case_template.html", "HTML", 0, 0, 18, 0, 0, 0, 0, 0, 0, 18
"c:\Users\60991\OneDrive\Documents\GitHub\TianyuWeb\web\data\jobs_data.json", "JSON", 0, 30, 0, 0, 0, 0, 0, 0, 0, 30
"c:\Users\60991\OneDrive\Documents\GitHub\TianyuWeb\web\data\product_template.html", "HTML", 0, 0, 33, 0, 0, 0, 0, 0, 0, 33
"c:\Users\60991\OneDrive\Documents\GitHub\TianyuWeb\web\data\products.json", "JSON", 0, 1, 0, 0, 0, 0, 0, 0, 0, 1
"c:\Users\60991\OneDrive\Documents\GitHub\TianyuWeb\web\favicon.svg", "XML", 0, 0, 0, 0, 0, 3, 0, 0, 0, 3
"c:\Users\60991\OneDrive\Documents\GitHub\TianyuWeb\web\index.html", "HTML", 0, 0, 202, 0, 0, 0, 0, 0, 19, 221
"c:\Users\60991\OneDrive\Documents\GitHub\TianyuWeb\web\manifest.json", "JSON", 0, 21, 0, 0, 0, 0, 0, 0, 0, 21
"c:\Users\60991\OneDrive\Documents\GitHub\TianyuWeb\web\ongoing.html", "HTML", 0, 0, 57, 0, 0, 0, 0, 0, 7, 64
"c:\Users\60991\OneDrive\Documents\GitHub\TianyuWeb\web\package-lock.json", "JSON", 0, 117, 0, 0, 0, 0, 0, 0, 1, 118
"c:\Users\60991\OneDrive\Documents\GitHub\TianyuWeb\web\package.json", "JSON", 0, 7, 0, 0, 0, 0, 0, 0, 1, 8
"c:\Users\60991\OneDrive\Documents\GitHub\TianyuWeb\web\product_lib\disinfection\Automatic_dry_powder_feeders.html", "HTML", 0, 0, 57, 0, 0, 0, 0, 0, 8, 65
"c:\Users\60991\OneDrive\Documents\GitHub\TianyuWeb\web\product_lib\disinfection\Chlorine_dioxide_generators_chemical_method.html", "HTML", 0, 0, 57, 0, 0, 0, 0, 0, 8, 65
"c:\Users\60991\OneDrive\Documents\GitHub\TianyuWeb\web\product_lib\disinfection\Chlorine_dioxide_generators_electrolytic.html", "HTML", 0, 0, 57, 0, 0, 0, 0, 0, 8, 65
"c:\Users\60991\OneDrive\Documents\GitHub\TianyuWeb\web\product_lib\disinfection\Electronic_scale_removal_devices.html", "HTML", 0, 0, 57, 0, 0, 0, 0, 0, 8, 65
"c:\Users\60991\OneDrive\Documents\GitHub\TianyuWeb\web\product_lib\disinfection\Fully_automatic_chemical_dosing_skids.html", "HTML", 0, 0, 57, 0, 0, 0, 0, 0, 8, 65
"c:\Users\60991\OneDrive\Documents\GitHub\TianyuWeb\web\product_lib\disinfection\General_chemical_dosing_units.html", "HTML", 0, 0, 57, 0, 0, 0, 0, 0, 8, 65
"c:\Users\60991\OneDrive\Documents\GitHub\TianyuWeb\web\product_lib\disinfection\In_line_static_mixers.html", "HTML", 0, 0, 57, 0, 0, 0, 0, 0, 8, 65
"c:\Users\60991\OneDrive\Documents\GitHub\TianyuWeb\web\product_lib\disinfection\Ozone_generators.html", "HTML", 0, 0, 57, 0, 0, 0, 0, 0, 8, 65
"c:\Users\60991\OneDrive\Documents\GitHub\TianyuWeb\web\product_lib\disinfection\Powder_metering_feeders.html", "HTML", 0, 0, 57, 0, 0, 0, 0, 0, 8, 65
"c:\Users\60991\OneDrive\Documents\GitHub\TianyuWeb\web\product_lib\disinfection\Power_plant_chemical_feed_systems.html", "HTML", 0, 0, 57, 0, 0, 0, 0, 0, 8, 65
"c:\Users\60991\OneDrive\Documents\GitHub\TianyuWeb\web\product_lib\disinfection\Sodium_hypochlorite_generators.html", "HTML", 0, 0, 57, 0, 0, 0, 0, 0, 8, 65
"c:\Users\60991\OneDrive\Documents\GitHub\TianyuWeb\web\product_lib\disinfection\Submersible_dosing_systems.html", "HTML", 0, 0, 57, 0, 0, 0, 0, 0, 8, 65
"c:\Users\60991\OneDrive\Documents\GitHub\TianyuWeb\web\product_lib\disinfection\UV_disinfection_reactors.html", "HTML", 0, 0, 57, 0, 0, 0, 0, 0, 8, 65
"c:\Users\60991\OneDrive\Documents\GitHub\TianyuWeb\web\product_lib\disinfection\WA_series_dosing_skids.html", "HTML", 0, 0, 57, 0, 0, 0, 0, 0, 8, 65
"c:\Users\60991\OneDrive\Documents\GitHub\TianyuWeb\web\product_lib\disinfection\index.php", "PHP", 0, 0, 0, 64, 0, 0, 0, 3, 11, 78
"c:\Users\60991\OneDrive\Documents\GitHub\TianyuWeb\web\product_lib\disinfection\products.json", "JSON", 0, 72, 0, 0, 0, 0, 0, 0, 1, 73
"c:\Users\60991\OneDrive\Documents\GitHub\TianyuWeb\web\product_lib\dust\Cyclone_dust_collectors.html", "HTML", 0, 0, 57, 0, 0, 0, 0, 0, 8, 65
"c:\Users\60991\OneDrive\Documents\GitHub\TianyuWeb\web\product_lib\dust\Electrostatic_precipitators_ESP.html", "HTML", 0, 0, 57, 0, 0, 0, 0, 0, 8, 65
"c:\Users\60991\OneDrive\Documents\GitHub\TianyuWeb\web\product_lib\dust\High_efficiency_wet_film_scrubbers.html", "HTML", 0, 0, 57, 0, 0, 0, 0, 0, 8, 65
"c:\Users\60991\OneDrive\Documents\GitHub\TianyuWeb\web\product_lib\dust\index.php", "PHP", 0, 0, 0, 64, 0, 0, 0, 3, 11, 78
"c:\Users\60991\OneDrive\Documents\GitHub\TianyuWeb\web\product_lib\dust\products.json", "JSON", 0, 17, 0, 0, 0, 0, 0, 0, 1, 18
"c:\Users\60991\OneDrive\Documents\GitHub\TianyuWeb\web\product_lib\gas\Acid_alkali_gas_scrubbing_towers.html", "HTML", 0, 0, 57, 0, 0, 0, 0, 0, 8, 65
"c:\Users\60991\OneDrive\Documents\GitHub\TianyuWeb\web\product_lib\gas\Flue_gas_desulfurization_denitrification_equipment.html", "HTML", 0, 0, 57, 0, 0, 0, 0, 0, 8, 65
"c:\Users\60991\OneDrive\Documents\GitHub\TianyuWeb\web\product_lib\gas\Odor_control_deodorization_units.html", "HTML", 0, 0, 57, 0, 0, 0, 0, 0, 8, 65
"c:\Users\60991\OneDrive\Documents\GitHub\TianyuWeb\web\product_lib\gas\Packed_bed_exhaust_gas_scrubbers.html", "HTML", 0, 0, 57, 0, 0, 0, 0, 0, 8, 65
"c:\Users\60991\OneDrive\Documents\GitHub\TianyuWeb\web\product_lib\gas\Thermal_oxidizers_incinerators.html", "HTML", 0, 0, 57, 0, 0, 0, 0, 0, 8, 65
"c:\Users\60991\OneDrive\Documents\GitHub\TianyuWeb\web\product_lib\gas\gas-absorption-tower.html", "HTML", 0, 0, 43, 0, 0, 0, 0, 0, 9, 52
"c:\Users\60991\OneDrive\Documents\GitHub\TianyuWeb\web\product_lib\gas\index.html", "HTML", 0, 0, 48, 0, 0, 0, 0, 0, 10, 58
"c:\Users\60991\OneDrive\Documents\GitHub\TianyuWeb\web\product_lib\gas\index.php", "PHP", 0, 0, 0, 65, 0, 0, 0, 3, 11, 79
"c:\Users\60991\OneDrive\Documents\GitHub\TianyuWeb\web\product_lib\gas\ke-series-purifier.html", "HTML", 0, 0, 57, 0, 0, 0, 0, 0, 8, 65
"c:\Users\60991\OneDrive\Documents\GitHub\TianyuWeb\web\product_lib\gas\products.json", "JSON", 0, 32, 0, 0, 0, 0, 0, 0, 1, 33
"c:\Users\60991\OneDrive\Documents\GitHub\TianyuWeb\web\product_lib\parts\ABS_strainers_filter_nozzles.html", "HTML", 0, 0, 57, 0, 0, 0, 0, 0, 8, 65
"c:\Users\60991\OneDrive\Documents\GitHub\TianyuWeb\web\product_lib\parts\Active_bio_media_moving_bed.html", "HTML", 0, 0, 57, 0, 0, 0, 0, 0, 8, 65
"c:\Users\60991\OneDrive\Documents\GitHub\TianyuWeb\web\product_lib\parts\Adjustable_weir_gates.html", "HTML", 0, 0, 57, 0, 0, 0, 0, 0, 8, 65
"c:\Users\60991\OneDrive\Documents\GitHub\TianyuWeb\web\product_lib\parts\Alumina_ceramic_balls.html", "HTML", 0, 0, 57, 0, 0, 0, 0, 0, 8, 65
"c:\Users\60991\OneDrive\Documents\GitHub\TianyuWeb\web\product_lib\parts\Anthracite_filter_media.html", "HTML", 0, 0, 57, 0, 0, 0, 0, 0, 8, 65
"c:\Users\60991\OneDrive\Documents\GitHub\TianyuWeb\web\product_lib\parts\Braided_rope_packing.html", "HTML", 0, 0, 57, 0, 0, 0, 0, 0, 8, 65
"c:\Users\60991\OneDrive\Documents\GitHub\TianyuWeb\web\product_lib\parts\Cast_iron_round_gates_bronze_seated.html", "HTML", 0, 0, 57, 0, 0, 0, 0, 0, 8, 65
"c:\Users\60991\OneDrive\Documents\GitHub\TianyuWeb\web\product_lib\parts\Cast_iron_square_gates_bronze_seated.html", "HTML", 0, 0, 57, 0, 0, 0, 0, 0, 8, 65
"c:\Users\60991\OneDrive\Documents\GitHub\TianyuWeb\web\product_lib\parts\Cast_iron_tide_flap_gates.html", "HTML", 0, 0, 57, 0, 0, 0, 0, 0, 8, 65
"c:\Users\60991\OneDrive\Documents\GitHub\TianyuWeb\web\product_lib\parts\Ceramic_Raschig_rings.html", "HTML", 0, 0, 57, 0, 0, 0, 0, 0, 8, 65
"c:\Users\60991\OneDrive\Documents\GitHub\TianyuWeb\web\product_lib\parts\Ceramic_ceramsite_filter_media.html", "HTML", 0, 0, 57, 0, 0, 0, 0, 0, 8, 65
"c:\Users\60991\OneDrive\Documents\GitHub\TianyuWeb\web\product_lib\parts\Corrugated_structured_packing.html", "HTML", 0, 0, 57, 0, 0, 0, 0, 0, 8, 65
"c:\Users\60991\OneDrive\Documents\GitHub\TianyuWeb\web\product_lib\parts\Double_ring_combined_packing.html", "HTML", 0, 0, 57, 0, 0, 0, 0, 0, 8, 65
"c:\Users\60991\OneDrive\Documents\GitHub\TianyuWeb\web\product_lib\parts\Drift_mist_eliminators.html", "HTML", 0, 0, 57, 0, 0, 0, 0, 0, 8, 65
"c:\Users\60991\OneDrive\Documents\GitHub\TianyuWeb\web\product_lib\parts\FRP_cover_panels.html", "HTML", 0, 0, 57, 0, 0, 0, 0, 0, 8, 65
"c:\Users\60991\OneDrive\Documents\GitHub\TianyuWeb\web\product_lib\parts\FRP_ductwork.html", "HTML", 0, 0, 57, 0, 0, 0, 0, 0, 8, 65
"c:\Users\60991\OneDrive\Documents\GitHub\TianyuWeb\web\product_lib\parts\FRP_filament_wound_storage_tanks.html", "HTML", 0, 0, 57, 0, 0, 0, 0, 0, 8, 65
"c:\Users\60991\OneDrive\Documents\GitHub\TianyuWeb\web\product_lib\parts\FRP_storage_vessels.html", "HTML", 0, 0, 57, 0, 0, 0, 0, 0, 8, 65
"c:\Users\60991\OneDrive\Documents\GitHub\TianyuWeb\web\product_lib\parts\Flat_slide_gates.html", "HTML", 0, 0, 57, 0, 0, 0, 0, 0, 8, 65
"c:\Users\60991\OneDrive\Documents\GitHub\TianyuWeb\web\product_lib\parts\Flexible_elastic_bio_filler.html", "HTML", 0, 0, 57, 0, 0, 0, 0, 0, 8, 65
"c:\Users\60991\OneDrive\Documents\GitHub\TianyuWeb\web\product_lib\parts\Fully_sealed_sanitary_metal_water_tanks.html", "HTML", 0, 0, 57, 0, 0, 0, 0, 0, 8, 65
"c:\Users\60991\OneDrive\Documents\GitHub\TianyuWeb\web\product_lib\parts\Gate_hoist_mechanisms.html", "HTML", 0, 0, 57, 0, 0, 0, 0, 0, 8, 65
"c:\Users\60991\OneDrive\Documents\GitHub\TianyuWeb\web\product_lib\parts\Hexagonal_honeycomb_media.html", "HTML", 0, 0, 57, 0, 0, 0, 0, 0, 8, 65
"c:\Users\60991\OneDrive\Documents\GitHub\TianyuWeb\web\product_lib\parts\Hollow_plastic_balls.html", "HTML", 0, 0, 57, 0, 0, 0, 0, 0, 8, 65
"c:\Users\60991\OneDrive\Documents\GitHub\TianyuWeb\web\product_lib\parts\PAC_coagulant.html", "HTML", 0, 0, 57, 0, 0, 0, 0, 0, 8, 65
"c:\Users\60991\OneDrive\Documents\GitHub\TianyuWeb\web\product_lib\parts\Plastic_Pall_flower_rings.html", "HTML", 0, 0, 57, 0, 0, 0, 0, 0, 8, 65
"c:\Users\60991\OneDrive\Documents\GitHub\TianyuWeb\web\product_lib\parts\Pressure_resistant_corrosion_proof_tanks.html", "HTML", 0, 0, 57, 0, 0, 0, 0, 0, 8, 65
"c:\Users\60991\OneDrive\Documents\GitHub\TianyuWeb\web\product_lib\parts\Sectional_welded_stainless_steel_water_tanks.html", "HTML", 0, 0, 57, 0, 0, 0, 0, 0, 8, 65
"c:\Users\60991\OneDrive\Documents\GitHub\TianyuWeb\web\product_lib\parts\Semi_soft_packing_media.html", "HTML", 0, 0, 57, 0, 0, 0, 0, 0, 8, 65
"c:\Users\60991\OneDrive\Documents\GitHub\TianyuWeb\web\product_lib\parts\Silica_sand_filter_media.html", "HTML", 0, 0, 57, 0, 0, 0, 0, 0, 8, 65
"c:\Users\60991\OneDrive\Documents\GitHub\TianyuWeb\web\product_lib\parts\Skylight_domes_daylighting_covers.html", "HTML", 0, 0, 57, 0, 0, 0, 0, 0, 8, 65
"c:\Users\60991\OneDrive\Documents\GitHub\TianyuWeb\web\product_lib\parts\Spherical_water_tanks.html", "HTML", 0, 0, 57, 0, 0, 0, 0, 0, 8, 65
"c:\Users\60991\OneDrive\Documents\GitHub\TianyuWeb\web\product_lib\parts\Spray_nozzles_various_types.html", "HTML", 0, 0, 57, 0, 0, 0, 0, 0, 8, 65
"c:\Users\60991\OneDrive\Documents\GitHub\TianyuWeb\web\product_lib\parts\Square_grid_packing.html", "HTML", 0, 0, 57, 0, 0, 0, 0, 0, 8, 65
"c:\Users\60991\OneDrive\Documents\GitHub\TianyuWeb\web\product_lib\parts\Stainless_steel_sanitary_water_tanks.html", "HTML", 0, 0, 57, 0, 0, 0, 0, 0, 8, 65
"c:\Users\60991\OneDrive\Documents\GitHub\TianyuWeb\web\product_lib\parts\Stainless_steel_sluice_gates.html", "HTML", 0, 0, 57, 0, 0, 0, 0, 0, 8, 65
"c:\Users\60991\OneDrive\Documents\GitHub\TianyuWeb\web\product_lib\parts\Stainless_steel_wedge_wire_screens.html", "HTML", 0, 0, 57, 0, 0, 0, 0, 0, 8, 65
"c:\Users\60991\OneDrive\Documents\GitHub\TianyuWeb\web\product_lib\parts\Step_rings.html", "HTML", 0, 0, 57, 0, 0, 0, 0, 0, 8, 65
"c:\Users\60991\OneDrive\Documents\GitHub\TianyuWeb\web\product_lib\parts\Vertical_insulated_water_tanks.html", "HTML", 0, 0, 57, 0, 0, 0, 0, 0, 8, 65
"c:\Users\60991\OneDrive\Documents\GitHub\TianyuWeb\web\product_lib\parts\index.php", "PHP", 0, 0, 0, 64, 0, 0, 0, 3, 11, 78
"c:\Users\60991\OneDrive\Documents\GitHub\TianyuWeb\web\product_lib\parts\products.json", "JSON", 0, 197, 0, 0, 0, 0, 0, 0, 1, 198
"c:\Users\60991\OneDrive\Documents\GitHub\TianyuWeb\web\product_lib\water\Anaerobic_treatment_reactors.html", "HTML", 0, 0, 57, 0, 0, 0, 0, 0, 8, 65
"c:\Users\60991\OneDrive\Documents\GitHub\TianyuWeb\web\product_lib\water\Automatic_clarifiers.html", "HTML", 0, 0, 57, 0, 0, 0, 0, 0, 8, 65
"c:\Users\60991\OneDrive\Documents\GitHub\TianyuWeb\web\product_lib\water\BS_type_air_flotation_units.html", "HTML", 0, 0, 57, 0, 0, 0, 0, 0, 8, 65
"c:\Users\60991\OneDrive\Documents\GitHub\TianyuWeb\web\product_lib\water\Belt_conveyors.html", "HTML", 0, 0, 57, 0, 0, 0, 0, 0, 8, 65
"c:\Users\60991\OneDrive\Documents\GitHub\TianyuWeb\web\product_lib\water\Belt_filter_presses.html", "HTML", 0, 0, 57, 0, 0, 0, 0, 0, 8, 65
"c:\Users\60991\OneDrive\Documents\GitHub\TianyuWeb\web\product_lib\water\Biological_contact_oxidation_towers.html", "HTML", 0, 0, 57, 0, 0, 0, 0, 0, 8, 65
"c:\Users\60991\OneDrive\Documents\GitHub\TianyuWeb\web\product_lib\water\Buried_FRP_packaged_sewage_plants.html", "HTML", 0, 0, 57, 0, 0, 0, 0, 0, 8, 65
"c:\Users\60991\OneDrive\Documents\GitHub\TianyuWeb\web\product_lib\water\Buried_steel_packaged_sewage_plants.html", "HTML", 0, 0, 57, 0, 0, 0, 0, 0, 8, 65
"c:\Users\60991\OneDrive\Documents\GitHub\TianyuWeb\web\product_lib\water\Cable_drive_sludge_scrapers.html", "HTML", 0, 0, 57, 0, 0, 0, 0, 0, 8, 65
"c:\Users\60991\OneDrive\Documents\GitHub\TianyuWeb\web\product_lib\water\Cable_operated_trash_rakes.html", "HTML", 0, 0, 57, 0, 0, 0, 0, 0, 8, 65
"c:\Users\60991\OneDrive\Documents\GitHub\TianyuWeb\web\product_lib\water\Cavitation_air_flotation_units.html", "HTML", 0, 0, 57, 0, 0, 0, 0, 0, 8, 65
"c:\Users\60991\OneDrive\Documents\GitHub\TianyuWeb\web\product_lib\water\Center_drive_clarifier_scrapers.html", "HTML", 0, 0, 57, 0, 0, 0, 0, 0, 8, 65
"c:\Users\60991\OneDrive\Documents\GitHub\TianyuWeb\web\product_lib\water\Chamber_plate_and_frame_filter_presses.html", "HTML", 0, 0, 57, 0, 0, 0, 0, 0, 8, 65
"c:\Users\60991\OneDrive\Documents\GitHub\TianyuWeb\web\product_lib\water\Curved_bar_screens.html", "HTML", 0, 0, 57, 0, 0, 0, 0, 0, 8, 65
"c:\Users\60991\OneDrive\Documents\GitHub\TianyuWeb\web\product_lib\water\Decanter_centrifuges.html", "HTML", 0, 0, 57, 0, 0, 0, 0, 0, 8, 65
"c:\Users\60991\OneDrive\Documents\GitHub\TianyuWeb\web\product_lib\water\Dissolved_air_flotation_DAF_clarifiers.html", "HTML", 0, 0, 57, 0, 0, 0, 0, 0, 8, 65
"c:\Users\60991\OneDrive\Documents\GitHub\TianyuWeb\web\product_lib\water\Emulsion_wastewater_treatment_skids.html", "HTML", 0, 0, 57, 0, 0, 0, 0, 0, 8, 65
"c:\Users\60991\OneDrive\Documents\GitHub\TianyuWeb\web\product_lib\water\Full_bridge_peripheral_drive_sludge_scrapers_circular_clarifiers.html", "HTML", 0, 0, 57, 0, 0, 0, 0, 0, 8, 65
"c:\Users\60991\OneDrive\Documents\GitHub\TianyuWeb\web\product_lib\water\General_purpose_mixing_agitators.html", "HTML", 0, 0, 57, 0, 0, 0, 0, 0, 8, 65
"c:\Users\60991\OneDrive\Documents\GitHub\TianyuWeb\web\product_lib\water\Grit_classifiers_sand_water_separators.html", "HTML", 0, 0, 57, 0, 0, 0, 0, 0, 8, 65
"c:\Users\60991\OneDrive\Documents\GitHub\TianyuWeb\web\product_lib\water\High_speed_clarifier_mixers.html", "HTML", 0, 0, 57, 0, 0, 0, 0, 0, 8, 65
"c:\Users\60991\OneDrive\Documents\GitHub\TianyuWeb\web\product_lib\water\Horizontal_screw_discharge_settling_centrifuges.html", "HTML", 0, 0, 57, 0, 0, 0, 0, 0, 8, 65
"c:\Users\60991\OneDrive\Documents\GitHub\TianyuWeb\web\product_lib\water\In_line_grinder_screens_comminutors.html", "HTML", 0, 0, 57, 0, 0, 0, 0, 0, 8, 65
"c:\Users\60991\OneDrive\Documents\GitHub\TianyuWeb\web\product_lib\water\Inclined_tube_settlers.html", "HTML", 0, 0, 57, 0, 0, 0, 0, 0, 8, 65
"c:\Users\60991\OneDrive\Documents\GitHub\TianyuWeb\web\product_lib\water\Integrated_air_flotation_units.html", "HTML", 0, 0, 57, 0, 0, 0, 0, 0, 8, 65
"c:\Users\60991\OneDrive\Documents\GitHub\TianyuWeb\web\product_lib\water\Lamella_plate_clarifiers.html", "HTML", 0, 0, 57, 0, 0, 0, 0, 0, 8, 65
"c:\Users\60991\OneDrive\Documents\GitHub\TianyuWeb\web\product_lib\water\Land_based_oil_water_separators.html", "HTML", 0, 0, 57, 0, 0, 0, 0, 0, 8, 65
"c:\Users\60991\OneDrive\Documents\GitHub\TianyuWeb\web\product_lib\water\Low_speed_propeller_mixers_axial_flow.html", "HTML", 0, 0, 57, 0, 0, 0, 0, 0, 8, 65
"c:\Users\60991\OneDrive\Documents\GitHub\TianyuWeb\web\product_lib\water\MBR_membrane_bioreactor_packages.html", "HTML", 0, 0, 57, 0, 0, 0, 0, 0, 8, 65
"c:\Users\60991\OneDrive\Documents\GitHub\TianyuWeb\web\product_lib\water\Mechanical_bar_screens.html", "HTML", 0, 0, 57, 0, 0, 0, 0, 0, 8, 65
"c:\Users\60991\OneDrive\Documents\GitHub\TianyuWeb\web\product_lib\water\Radial_flow_clarifier_peripheral_drive_scraper_with_direct_discharge.html", "HTML", 0, 0, 57, 0, 0, 0, 0, 0, 8, 65
"c:\Users\60991\OneDrive\Documents\GitHub\TianyuWeb\web\product_lib\water\Rotary_drum_fine_screens.html", "HTML", 0, 0, 57, 0, 0, 0, 0, 0, 8, 65
"c:\Users\60991\OneDrive\Documents\GitHub\TianyuWeb\web\product_lib\water\Rotary_shear_flotation_cells.html", "HTML", 0, 0, 57, 0, 0, 0, 0, 0, 8, 65
"c:\Users\60991\OneDrive\Documents\GitHub\TianyuWeb\web\product_lib\water\Screw_press_compactors.html", "HTML", 0, 0, 57, 0, 0, 0, 0, 0, 8, 65
"c:\Users\60991\OneDrive\Documents\GitHub\TianyuWeb\web\product_lib\water\Shaftless_screw_conveyors.html", "HTML", 0, 0, 57, 0, 0, 0, 0, 0, 8, 65
"c:\Users\60991\OneDrive\Documents\GitHub\TianyuWeb\web\product_lib\water\Shallow_tank_high_efficiency_DAF_units.html", "HTML", 0, 0, 57, 0, 0, 0, 0, 0, 8, 65
"c:\Users\60991\OneDrive\Documents\GitHub\TianyuWeb\web\product_lib\water\Siphon_suction_sludge_collectors.html", "HTML", 0, 0, 57, 0, 0, 0, 0, 0, 8, 65
"c:\Users\60991\OneDrive\Documents\GitHub\TianyuWeb\web\product_lib\water\Slaughterhouse_wastewater_systems.html", "HTML", 0, 0, 57, 0, 0, 0, 0, 0, 8, 65
"c:\Users\60991\OneDrive\Documents\GitHub\TianyuWeb\web\product_lib\water\Submersible_mixers.html", "HTML", 0, 0, 57, 0, 0, 0, 0, 0, 8, 65
"c:\Users\60991\OneDrive\Documents\GitHub\TianyuWeb\web\product_lib\water\Suction_type_sludge_collectors_for_rectangular_tanks.html", "HTML", 0, 0, 57, 0, 0, 0, 0, 0, 8, 65
"c:\Users\60991\OneDrive\Documents\GitHub\TianyuWeb\web\product_lib\water\Surface_oil_skimmers.html", "HTML", 0, 0, 57, 0, 0, 0, 0, 0, 8, 65
"c:\Users\60991\OneDrive\Documents\GitHub\TianyuWeb\web\product_lib\water\Surface_skimmers_scum_skimmers.html", "HTML", 0, 0, 57, 0, 0, 0, 0, 0, 8, 65
"c:\Users\60991\OneDrive\Documents\GitHub\TianyuWeb\web\product_lib\water\Traveling_bridge_sludge_scrapers.html", "HTML", 0, 0, 57, 0, 0, 0, 0, 0, 8, 65
"c:\Users\60991\OneDrive\Documents\GitHub\TianyuWeb\web\product_lib\water\Traveling_chain_rotary_bar_screens.html", "HTML", 0, 0, 57, 0, 0, 0, 0, 0, 8, 65
"c:\Users\60991\OneDrive\Documents\GitHub\TianyuWeb\web\product_lib\water\Up_flow_clarifiers.html", "HTML", 0, 0, 57, 0, 0, 0, 0, 0, 8, 65
"c:\Users\60991\OneDrive\Documents\GitHub\TianyuWeb\web\product_lib\water\Vortex_flow_grit_chambers.html", "HTML", 0, 0, 57, 0, 0, 0, 0, 0, 8, 65
"c:\Users\60991\OneDrive\Documents\GitHub\TianyuWeb\web\product_lib\water\index.html", "HTML", 0, 0, 94, 0, 0, 0, 0, 0, 9, 103
"c:\Users\60991\OneDrive\Documents\GitHub\TianyuWeb\web\product_lib\water\index.php", "PHP", 0, 0, 0, 64, 0, 0, 0, 3, 11, 78
"c:\Users\60991\OneDrive\Documents\GitHub\TianyuWeb\web\product_lib\water\products.json", "JSON", 0, 232, 0, 0, 0, 0, 0, 0, 1, 233
"c:\Users\60991\OneDrive\Documents\GitHub\TianyuWeb\web\product_lib\water_supply\Activated_carbon_filters.html", "HTML", 0, 0, 57, 0, 0, 0, 0, 0, 8, 65
"c:\Users\60991\OneDrive\Documents\GitHub\TianyuWeb\web\product_lib\water_supply\All_in_one_water_conditioning_devices.html", "HTML", 0, 0, 57, 0, 0, 0, 0, 0, 8, 65
"c:\Users\60991\OneDrive\Documents\GitHub\TianyuWeb\web\product_lib\water_supply\Ambient_temperature_deaerators.html", "HTML", 0, 0, 57, 0, 0, 0, 0, 0, 8, 65
"c:\Users\60991\OneDrive\Documents\GitHub\TianyuWeb\web\product_lib\water_supply\Anion_and_cation_exchange_units.html", "HTML", 0, 0, 57, 0, 0, 0, 0, 0, 8, 65
"c:\Users\60991\OneDrive\Documents\GitHub\TianyuWeb\web\product_lib\water_supply\Automatic_pneumatic_booster_pump_systems.html", "HTML", 0, 0, 57, 0, 0, 0, 0, 0, 8, 65
"c:\Users\60991\OneDrive\Documents\GitHub\TianyuWeb\web\product_lib\water_supply\Blow_down_back_flush_filters.html", "HTML", 0, 0, 57, 0, 0, 0, 0, 0, 8, 65
"c:\Users\60991\OneDrive\Documents\GitHub\TianyuWeb\web\product_lib\water_supply\CO2_stripping_degassing_towers.html", "HTML", 0, 0, 57, 0, 0, 0, 0, 0, 8, 65
"c:\Users\60991\OneDrive\Documents\GitHub\TianyuWeb\web\product_lib\water_supply\Cartridge_precision_polishing_filters.html", "HTML", 0, 0, 57, 0, 0, 0, 0, 0, 8, 65
"c:\Users\60991\OneDrive\Documents\GitHub\TianyuWeb\web\product_lib\water_supply\Continuous_sand_filters.html", "HTML", 0, 0, 57, 0, 0, 0, 0, 0, 8, 65
"c:\Users\60991\OneDrive\Documents\GitHub\TianyuWeb\web\product_lib\water_supply\EDL_electro_deionization_units.html", "HTML", 0, 0, 57, 0, 0, 0, 0, 0, 8, 65
"c:\Users\60991\OneDrive\Documents\GitHub\TianyuWeb\web\product_lib\water_supply\Fiber_ball_filters.html", "HTML", 0, 0, 57, 0, 0, 0, 0, 0, 8, 65
"c:\Users\60991\OneDrive\Documents\GitHub\TianyuWeb\web\product_lib\water_supply\Fiber_bundle_filters.html", "HTML", 0, 0, 57, 0, 0, 0, 0, 0, 8, 65
"c:\Users\60991\OneDrive\Documents\GitHub\TianyuWeb\web\product_lib\water_supply\Fluoride_removal_skids.html", "HTML", 0, 0, 57, 0, 0, 0, 0, 0, 8, 65
"c:\Users\60991\OneDrive\Documents\GitHub\TianyuWeb\web\product_lib\water_supply\Fountain_equipment_various_styles.html", "HTML", 0, 0, 57, 0, 0, 0, 0, 0, 8, 65
"c:\Users\60991\OneDrive\Documents\GitHub\TianyuWeb\web\product_lib\water_supply\Fully_automatic_back_wash_filters.html", "HTML", 0, 0, 57, 0, 0, 0, 0, 0, 8, 65
"c:\Users\60991\OneDrive\Documents\GitHub\TianyuWeb\web\product_lib\water_supply\Fully_automatic_water_purifiers.html", "HTML", 0, 0, 57, 0, 0, 0, 0, 0, 8, 65
"c:\Users\60991\OneDrive\Documents\GitHub\TianyuWeb\web\product_lib\water_supply\Fully_automatic_water_softening_systems.html", "HTML", 0, 0, 57, 0, 0, 0, 0, 0, 8, 65
"c:\Users\60991\OneDrive\Documents\GitHub\TianyuWeb\web\product_lib\water_supply\Guard_security_filters.html", "HTML", 0, 0, 57, 0, 0, 0, 0, 0, 8, 65
"c:\Users\60991\OneDrive\Documents\GitHub\TianyuWeb\web\product_lib\water_supply\High_efficiency_pressure_filters.html", "HTML", 0, 0, 57, 0, 0, 0, 0, 0, 8, 65
"c:\Users\60991\OneDrive\Documents\GitHub\TianyuWeb\web\product_lib\water_supply\High_rate_medium_rate_filters.html", "HTML", 0, 0, 57, 0, 0, 0, 0, 0, 8, 65
"c:\Users\60991\OneDrive\Documents\GitHub\TianyuWeb\web\product_lib\water_supply\High_voltage_electrostatic_water_conditioners.html", "HTML", 0, 0, 57, 0, 0, 0, 0, 0, 8, 65
"c:\Users\60991\OneDrive\Documents\GitHub\TianyuWeb\web\product_lib\water_supply\Ion_exchange_vessels.html", "HTML", 0, 0, 57, 0, 0, 0, 0, 0, 8, 65
"c:\Users\60991\OneDrive\Documents\GitHub\TianyuWeb\web\product_lib\water_supply\Iron_and_manganese_removal_filters.html", "HTML", 0, 0, 57, 0, 0, 0, 0, 0, 8, 65
"c:\Users\60991\OneDrive\Documents\GitHub\TianyuWeb\web\product_lib\water_supply\Israeli_ARKAL_disc_filters.html", "HTML", 0, 0, 57, 0, 0, 0, 0, 0, 8, 65
"c:\Users\60991\OneDrive\Documents\GitHub\TianyuWeb\web\product_lib\water_supply\JM_automatic_softeners.html", "HTML", 0, 0, 57, 0, 0, 0, 0, 0, 8, 65
"c:\Users\60991\OneDrive\Documents\GitHub\TianyuWeb\web\product_lib\water_supply\KG_L_series_water_purifiers.html", "HTML", 0, 0, 57, 0, 0, 0, 0, 0, 8, 65
"c:\Users\60991\OneDrive\Documents\GitHub\TianyuWeb\web\product_lib\water_supply\Large_scale_desalination_turn_key_plants.html", "HTML", 0, 0, 57, 0, 0, 0, 0, 0, 8, 65
"c:\Users\60991\OneDrive\Documents\GitHub\TianyuWeb\web\product_lib\water_supply\Manual_brush_type_filters.html", "HTML", 0, 0, 57, 0, 0, 0, 0, 0, 8, 65
"c:\Users\60991\OneDrive\Documents\GitHub\TianyuWeb\web\product_lib\water_supply\Mixed_bed_anion_cation_floating_bed_exchangers.html", "HTML", 0, 0, 57, 0, 0, 0, 0, 0, 8, 65
"c:\Users\60991\OneDrive\Documents\GitHub\TianyuWeb\web\product_lib\water_supply\Modular_softening_skids.html", "HTML", 0, 0, 57, 0, 0, 0, 0, 0, 8, 65
"c:\Users\60991\OneDrive\Documents\GitHub\TianyuWeb\web\product_lib\water_supply\Multimedia_pressure_sand_filters.html", "HTML", 0, 0, 57, 0, 0, 0, 0, 0, 8, 65
"c:\Users\60991\OneDrive\Documents\GitHub\TianyuWeb\web\product_lib\water_supply\New_gravity_gap_free_filters.html", "HTML", 0, 0, 57, 0, 0, 0, 0, 0, 8, 65
"c:\Users\60991\OneDrive\Documents\GitHub\TianyuWeb\web\product_lib\water_supply\Package_compact_water_treatment_units.html", "HTML", 0, 0, 57, 0, 0, 0, 0, 0, 8, 65
"c:\Users\60991\OneDrive\Documents\GitHub\TianyuWeb\web\product_lib\water_supply\Pool_recirculation_equipment.html", "HTML", 0, 0, 57, 0, 0, 0, 0, 0, 8, 65
"c:\Users\60991\OneDrive\Documents\GitHub\TianyuWeb\web\product_lib\water_supply\Reverse_osmosis_RO_desalination_systems.html", "HTML", 0, 0, 57, 0, 0, 0, 0, 0, 8, 65
"c:\Users\60991\OneDrive\Documents\GitHub\TianyuWeb\web\product_lib\water_supply\Self_cleaning_back_wash_filters.html", "HTML", 0, 0, 57, 0, 0, 0, 0, 0, 8, 65
"c:\Users\60991\OneDrive\Documents\GitHub\TianyuWeb\web\product_lib\water_supply\Shallow_bed_filters.html", "HTML", 0, 0, 57, 0, 0, 0, 0, 0, 8, 65
"c:\Users\60991\OneDrive\Documents\GitHub\TianyuWeb\web\product_lib\water_supply\Sludge_water_separators.html", "HTML", 0, 0, 57, 0, 0, 0, 0, 0, 8, 65
"c:\Users\60991\OneDrive\Documents\GitHub\TianyuWeb\web\product_lib\water_supply\Swimming_pool_filters.html", "HTML", 0, 0, 57, 0, 0, 0, 0, 0, 8, 65
"c:\Users\60991\OneDrive\Documents\GitHub\TianyuWeb\web\product_lib\water_supply\Thermal_deaerators.html", "HTML", 0, 0, 57, 0, 0, 0, 0, 0, 8, 65
"c:\Users\60991\OneDrive\Documents\GitHub\TianyuWeb\web\product_lib\water_supply\Ultrafiltration_UF_skids.html", "HTML", 0, 0, 57, 0, 0, 0, 0, 0, 8, 65
"c:\Users\60991\OneDrive\Documents\GitHub\TianyuWeb\web\product_lib\water_supply\VFD_constant_pressure_booster_systems.html", "HTML", 0, 0, 57, 0, 0, 0, 0, 0, 8, 65
"c:\Users\60991\OneDrive\Documents\GitHub\TianyuWeb\web\product_lib\water_supply\Vacuum_deaerators.html", "HTML", 0, 0, 57, 0, 0, 0, 0, 0, 8, 65
"c:\Users\60991\OneDrive\Documents\GitHub\TianyuWeb\web\product_lib\water_supply\Walnut_shell_media_filters.html", "HTML", 0, 0, 57, 0, 0, 0, 0, 0, 8, 65
"c:\Users\60991\OneDrive\Documents\GitHub\TianyuWeb\web\product_lib\water_supply\index.php", "PHP", 0, 0, 0, 64, 0, 0, 0, 3, 11, 78
"c:\Users\60991\OneDrive\Documents\GitHub\TianyuWeb\web\product_lib\water_supply\products.json", "JSON", 0, 222, 0, 0, 0, 0, 0, 0, 1, 223
"c:\Users\60991\OneDrive\Documents\GitHub\TianyuWeb\web\products.html", "HTML", 0, 0, 105, 0, 0, 0, 0, 0, 15, 120
"c:\Users\60991\OneDrive\Documents\GitHub\TianyuWeb\web\services.html", "HTML", 0, 0, 128, 0, 0, 0, 0, 0, 14, 142
"c:\Users\60991\OneDrive\Documents\GitHub\TianyuWeb\web\site.webmanifest", "JSON", 0, 21, 0, 0, 0, 0, 0, 0, 0, 21
"Total", "-", 2, 1116, 9847, 1785, 364, 3, 1792, 248, 1824, 16981